"","origin_country_iso_code","destination_country_iso_code","total_flights"
"1","DZA","AUT",2
"2","DZA","FRA",79
"3","DZA","DEU",5
"4","DZA","ITA",5
"5","DZA","MLI",2
"6","DZA","MAR",6
"7","DZA","QAT",5
"8","DZA","RUS",1
"9","DZA","SEN",1
"10","DZA","ESP",26
"11","DZA","CHE",4
"12","DZA","TUR",5
"13","DZA","GBR",1
"14","DZA","USA",1
"15","ARG","AUS",1
"16","ARG","BRA",19
"17","ARG","CPV",1
"18","ARG","COL",2
"19","ARG","ECU",3
"20","ARG","FRA",1
"21","ARG","DEU",4
"22","ARG","NLD",4
"23","ARG","PAN",10
"24","ARG","PRI",1
"25","ARG","RUS",2
"26","ARG","ESP",9
"27","ARG","USA",36
"28","ARG","URY",3
"29","AUS","BGD",1
"30","AUS","BEL",1
"31","AUS","BRN",10
"32","AUS","CAN",3
"33","AUS","CHN",62
"34","AUS","FRA",2
"35","AUS","HKG",135
"36","AUS","IND",8
"37","AUS","IDN",5
"38","AUS","ITA",2
"39","AUS","JPN",79
"40","AUS","MAC",3
"41","AUS","MYS",89
"42","AUS","NLD",2
"43","AUS","NZL",178
"44","AUS","PHL",14
"45","AUS","QAT",138
"46","AUS","RUS",1
"47","AUS","SGP",331
"48","AUS","KOR",32
"49","AUS","ESP",1
"50","AUS","TWN",78
"51","AUS","THA",16
"52","AUS","ARE",72
"53","AUS","GBR",2
"54","AUS","USA",299
"55","AUS","VNM",8
"56","AUT","BHR",1
"57","AUT","BLR",8
"58","AUT","BEL",80
"59","AUT","BIH",1
"60","AUT","BGR",2
"61","AUT","CAN",1
"62","AUT","HRV",26
"63","AUT","CYP",18
"64","AUT","CZE",30
"65","AUT","DNK",27
"66","AUT","FIN",15
"67","AUT","FRA",92
"68","AUT","DEU",594
"69","AUT","GRC",16
"70","AUT","HUN",39
"71","AUT","IND",3
"72","AUT","ISR",23
"73","AUT","ITA",98
"74","AUT","JPN",1
"75","AUT","JOR",3
"76","AUT","KAZ",2
"77","AUT","LVA",6
"78","AUT","LUX",24
"79","AUT","MLT",5
"80","AUT","NLD",108
"81","AUT","NOR",16
"82","AUT","POL",34
"83","AUT","PRT",12
"84","AUT","QAT",32
"85","AUT","ROU",46
"86","AUT","RUS",70
"87","AUT","SAU",1
"88","AUT","SRB",41
"89","AUT","SVK",12
"90","AUT","SVN",48
"91","AUT","ZAF",2
"92","AUT","ESP",85
"93","AUT","SWE",24
"94","AUT","CHE",148
"95","AUT","TWN",17
"96","AUT","TUR",95
"97","AUT","UKR",38
"98","AUT","ARE",38
"99","AUT","GBR",56
"100","AUT","USA",24
"101","BHS","USA",100
"102","BHR","AUT",1
"103","BHR","BGD",23
"104","BHR","BGR",1
"105","BHR","CHN",2
"106","BHR","HRV",1
"107","BHR","CYP",3
"108","BHR","EST",2
"109","BHR","FRA",2
"110","BHR","DEU",48
"111","BHR","GRC",6
"112","BHR","HKG",43
"113","BHR","IND",36
"114","BHR","ISR",4
"115","BHR","ITA",20
"116","BHR","KEN",6
"117","BHR","KWT",20
"118","BHR","LBN",13
"119","BHR","LUX",5
"120","BHR","MYS",6
"121","BHR","MAR",5
"122","BHR","NLD",2
"123","BHR","PAK",16
"124","BHR","PHL",14
"125","BHR","QAT",26
"126","BHR","RUS",2
"127","BHR","SAU",48
"128","BHR","SGP",1
"129","BHR","KOR",8
"130","BHR","ESP",1
"131","BHR","LKA",1
"132","BHR","CHE",6
"133","BHR","TUR",2
"134","BHR","ARE",319
"135","BHR","GBR",49
"136","BHR","VNM",1
"137","BGD","BHR",19
"138","BGD","BEL",4
"139","BGD","CHN",13
"140","BGD","DEU",1
"141","BGD","HKG",28
"142","BGD","IND",127
"143","BGD","KWT",9
"144","BGD","MYS",34
"145","BGD","QAT",114
"146","BGD","RUS",1
"147","BGD","SAU",72
"148","BGD","SGP",27
"149","BGD","KOR",2
"150","BGD","ESP",19
"151","BGD","SWE",1
"152","BGD","TUR",30
"153","BGD","ARE",265
"154","BGD","GBR",3
"155","BRB","BRA",1
"156","BRB","CAN",4
"157","BRB","GGY",1
"158","BRB","ITA",1
"159","BRB","NOR",1
"160","BRB","PRT",1
"161","BRB","PRI",18
"162","BRB","LCA",20
"163","BRB","VCT",44
"164","BRB","GBR",14
"165","BRB","USA",86
"166","BLR","AUT",12
"167","BLR","BEL",6
"168","BLR","CYP",5
"169","BLR","CZE",15
"170","BLR","EST",19
"171","BLR","FIN",15
"172","BLR","FRA",18
"173","BLR","DEU",44
"174","BLR","GRC",1
"175","BLR","ISR",4
"176","BLR","ITA",26
"177","BLR","LVA",6
"178","BLR","LTU",34
"179","BLR","NLD",19
"180","BLR","NOR",1
"181","BLR","POL",51
"182","BLR","RUS",89
"183","BLR","SRB",20
"184","BLR","ESP",11
"185","BLR","SWE",16
"186","BLR","CHE",2
"187","BLR","TUR",46
"188","BLR","UKR",114
"189","BLR","ARE",30
"190","BLR","GBR",8
"191","BLR","USA",1
"192","BLR","UZB",6
"193","BEL","AUT",43
"194","BEL","BHR",3
"195","BEL","BLR",5
"196","BEL","BRA",3
"197","BEL","CAN",3
"198","BEL","CHN",19
"199","BEL","HRV",7
"200","BEL","CYP",10
"201","BEL","CZE",25
"202","BEL","DNK",16
"203","BEL","EST",6
"204","BEL","FIN",24
"205","BEL","FRA",188
"206","BEL","GMB",3
"207","BEL","DEU",290
"208","BEL","GRC",25
"209","BEL","GTM",2
"210","BEL","HKG",27
"211","BEL","HUN",22
"212","BEL","IND",3
"213","BEL","IRL",27
"214","BEL","ISR",52
"215","BEL","ITA",151
"216","BEL","JPN",4
"217","BEL","JOR",1
"218","BEL","KAZ",3
"219","BEL","KWT",1
"220","BEL","LVA",2
"221","BEL","LBN",3
"222","BEL","LTU",1
"223","BEL","LUX",21
"224","BEL","MLI",3
"225","BEL","MLT",6
"226","BEL","MAR",8
"227","BEL","NLD",56
"228","BEL","NOR",40
"229","BEL","PHL",2
"230","BEL","POL",45
"231","BEL","PRT",26
"232","BEL","QAT",66
"233","BEL","ROU",38
"234","BEL","RUS",12
"235","BEL","SAU",9
"236","BEL","SEN",2
"237","BEL","SRB",2
"238","BEL","SGP",1
"239","BEL","SVK",2
"240","BEL","SVN",6
"241","BEL","ZAF",3
"242","BEL","KOR",3
"243","BEL","ESP",141
"244","BEL","SWE",68
"245","BEL","CHE",68
"246","BEL","TUR",88
"247","BEL","UKR",1
"248","BEL","ARE",44
"249","BEL","GBR",202
"250","BEL","USA",137
"251","BLZ","USA",23
"252","BMU","CAN",4
"253","BMU","DEU",1
"254","BMU","IRL",2
"255","BMU","PRT",1
"256","BMU","PRI",1
"257","BMU","VCT",1
"258","BMU","CHE",1
"259","BMU","GBR",10
"260","BMU","USA",155
"261","BRA","ARG",22
"262","BRA","BRB",3
"263","BRA","BEL",5
"264","BRA","CAN",12
"265","BRA","COL",56
"266","BRA","DNK",3
"267","BRA","ECU",9
"268","BRA","FRA",50
"269","BRA","DEU",52
"270","BRA","GTM",1
"271","BRA","IRL",5
"272","BRA","ITA",6
"273","BRA","LUX",11
"274","BRA","NLD",59
"275","BRA","PAN",85
"276","BRA","PRT",64
"277","BRA","PRI",3
"278","BRA","QAT",41
"279","BRA","SEN",8
"280","BRA","ESP",48
"281","BRA","SWE",1
"282","BRA","CHE",23
"283","BRA","TUR",15
"284","BRA","ARE",35
"285","BRA","GBR",1
"286","BRA","USA",363
"287","BRN","AUS",9
"288","BRN","CYP",1
"289","BRN","HKG",5
"290","BRN","MYS",11
"291","BRN","PHL",5
"292","BRN","SGP",31
"293","BRN","THA",3
"294","BRN","GBR",1
"295","BRN","VNM",1
"296","BGR","AUT",2
"297","BGR","BEL",1
"298","BGR","DNK",1
"299","BGR","DEU",6
"300","BGR","GRC",2
"301","BGR","ITA",2
"302","BGR","NLD",2
"303","BGR","TUR",5
"304","BGR","ARE",2
"305","BGR","GBR",6
"306","CAN","AUS",15
"307","CAN","AUT",2
"308","CAN","BRB",4
"309","CAN","BEL",7
"310","CAN","BMU",4
"311","CAN","BRA",9
"312","CAN","CHN",21
"313","CAN","COL",14
"314","CAN","DNK",7
"315","CAN","FRA",113
"316","CAN","PYF",5
"317","CAN","DEU",145
"318","CAN","GRC",3
"319","CAN","GTM",5
"320","CAN","HKG",21
"321","CAN","HUN",2
"322","CAN","IND",70
"323","CAN","IRL",6
"324","CAN","ISR",9
"325","CAN","ITA",16
"326","CAN","JPN",77
"327","CAN","JOR",1
"328","CAN","LUX",5
"329","CAN","MLT",1
"330","CAN","MEX",1
"331","CAN","MAR",8
"332","CAN","NLD",88
"333","CAN","NIC",1
"334","CAN","NOR",1
"335","CAN","PAK",4
"336","CAN","PAN",23
"337","CAN","PER",1
"338","CAN","PHL",5
"339","CAN","POL",8
"340","CAN","PRT",13
"341","CAN","PRI",3
"342","CAN","QAT",39
"343","CAN","SGP",2
"344","CAN","KOR",118
"345","CAN","ESP",21
"346","CAN","CHE",36
"347","CAN","TWN",43
"348","CAN","TUR",36
"349","CAN","ARE",26
"350","CAN","GBR",105
"351","CAN","USA",1608
"352","CPV","BEL",1
"353","CPV","BRA",4
"354","CPV","MAR",1
"355","CPV","PRT",24
"356","CPV","SEN",12
"357","CPV","ZAF",1
"358","CPV","ESP",2
"359","CHL","BRA",1
"360","CHN","AUS",40
"361","CHN","BGD",14
"362","CHN","BEL",7
"363","CHN","CAN",9
"364","CHN","DNK",1
"365","CHN","FRA",22
"366","CHN","DEU",25
"367","CHN","HKG",5
"368","CHN","HUN",1
"369","CHN","IND",35
"370","CHN","ISR",11
"371","CHN","ITA",13
"372","CHN","JPN",82
"373","CHN","KAZ",14
"374","CHN","KEN",5
"375","CHN","MAC",7
"376","CHN","MYS",86
"377","CHN","NLD",16
"378","CHN","NZL",5
"379","CHN","PHL",35
"380","CHN","QAT",22
"381","CHN","RUS",43
"382","CHN","SAU",5
"383","CHN","SGP",96
"384","CHN","ZAF",3
"385","CHN","KOR",62
"386","CHN","TWN",56
"387","CHN","THA",11
"388","CHN","TUR",4
"389","CHN","ARE",22
"390","CHN","GBR",7
"391","CHN","USA",59
"392","CHN","VNM",44
"393","COL","BEL",1
"394","COL","BRA",3
"395","COL","CAN",17
"396","COL","ECU",15
"397","COL","FRA",12
"398","COL","DEU",11
"399","COL","GTM",2
"400","COL","MEX",10
"401","COL","NLD",29
"402","COL","NIC",2
"403","COL","PAN",130
"404","COL","PER",2
"405","COL","PRT",3
"406","COL","PRI",1
"407","COL","ESP",48
"408","COL","GBR",1
"409","COL","USA",689
"410","HRV","AUT",22
"411","HRV","BEL",11
"412","HRV","BIH",1
"413","HRV","CYP",3
"414","HRV","CZE",9
"415","HRV","DNK",10
"416","HRV","FRA",22
"417","HRV","DEU",131
"418","HRV","GRC",2
"419","HRV","HUN",1
"420","HRV","ISR",1
"421","HRV","ITA",47
"422","HRV","LVA",1
"423","HRV","MLT",2
"424","HRV","NLD",64
"425","HRV","NOR",1
"426","HRV","POL",3
"427","HRV","QAT",5
"428","HRV","ROU",3
"429","HRV","RUS",9
"430","HRV","SRB",9
"431","HRV","SVK",1
"432","HRV","SVN",8
"433","HRV","ESP",5
"434","HRV","CHE",17
"435","HRV","TUR",11
"436","HRV","UKR",3
"437","HRV","ARE",1
"438","HRV","GBR",13
"439","HRV","USA",1
"440","CYP","AUT",17
"441","CYP","BHR",3
"442","CYP","BLR",6
"443","CYP","BEL",2
"444","CYP","BRN",1
"445","CYP","BGR",1
"446","CYP","HRV",1
"447","CYP","CZE",3
"448","CYP","FIN",1
"449","CYP","FRA",3
"450","CYP","DEU",27
"451","CYP","GRC",98
"452","CYP","HUN",1
"453","CYP","ISR",69
"454","CYP","ITA",7
"455","CYP","LVA",4
"456","CYP","LBN",20
"457","CYP","MLT",2
"458","CYP","POL",2
"459","CYP","QAT",16
"460","CYP","ROU",9
"461","CYP","RUS",58
"462","CYP","SAU",1
"463","CYP","SRB",13
"464","CYP","SVK",1
"465","CYP","SVN",1
"466","CYP","ESP",1
"467","CYP","SWE",2
"468","CYP","CHE",3
"469","CYP","TUR",110
"470","CYP","UKR",18
"471","CYP","ARE",25
"472","CYP","GBR",27
"473","CZE","AUT",26
"474","CZE","BLR",14
"475","CZE","BEL",28
"476","CZE","BIH",2
"477","CZE","BGR",1
"478","CZE","HRV",5
"479","CZE","CYP",1
"480","CZE","DNK",3
"481","CZE","EST",6
"482","CZE","FIN",6
"483","CZE","FRA",66
"484","CZE","DEU",170
"485","CZE","GRC",2
"486","CZE","HUN",35
"487","CZE","IRL",1
"488","CZE","ISR",6
"489","CZE","ITA",25
"490","CZE","JOR",2
"491","CZE","LVA",3
"492","CZE","LTU",4
"493","CZE","LUX",4
"494","CZE","MLI",2
"495","CZE","MLT",2
"496","CZE","MAR",1
"497","CZE","NLD",77
"498","CZE","NOR",1
"499","CZE","POL",47
"500","CZE","PRT",2
"501","CZE","QAT",23
"502","CZE","ROU",8
"503","CZE","RUS",39
"504","CZE","SRB",4
"505","CZE","SVK",21
"506","CZE","SVN",8
"507","CZE","KOR",1
"508","CZE","ESP",38
"509","CZE","SWE",17
"510","CZE","CHE",31
"511","CZE","TUR",33
"512","CZE","UKR",47
"513","CZE","ARE",46
"514","CZE","GBR",40
"515","CZE","USA",1
"516","DNK","AUT",25
"517","DNK","BEL",27
"518","DNK","BRA",4
"519","DNK","BGR",1
"520","DNK","CAN",9
"521","DNK","HRV",10
"522","DNK","EST",5
"523","DNK","FIN",42
"524","DNK","FRA",81
"525","DNK","DEU",238
"526","DNK","GRC",5
"527","DNK","GGY",1
"528","DNK","HUN",5
"529","DNK","IRL",2
"530","DNK","ISR",1
"531","DNK","ITA",19
"532","DNK","JEY",1
"533","DNK","LVA",10
"534","DNK","LBN",7
"535","DNK","LTU",11
"536","DNK","MLT",1
"537","DNK","NLD",113
"538","DNK","NOR",184
"539","DNK","POL",43
"540","DNK","PRT",3
"541","DNK","QAT",51
"542","DNK","ROU",11
"543","DNK","RUS",15
"544","DNK","SRB",7
"545","DNK","SGP",14
"546","DNK","SVK",1
"547","DNK","ESP",55
"548","DNK","SWE",161
"549","DNK","CHE",40
"550","DNK","TUR",29
"551","DNK","UKR",13
"552","DNK","ARE",26
"553","DNK","GBR",73
"554","DNK","USA",126
"555","ECU","COL",1
"556","ECU","PAN",7
"557","ECU","USA",14
"558","EGY","BEL",1
"559","EGY","ITA",1
"560","EGY","TUR",2
"561","EGY","GBR",2
"562","EST","AUT",3
"563","EST","BLR",18
"564","EST","CZE",2
"565","EST","DNK",4
"566","EST","FIN",83
"567","EST","FRA",5
"568","EST","DEU",51
"569","EST","ITA",3
"570","EST","LVA",32
"571","EST","LTU",1
"572","EST","NLD",12
"573","EST","NOR",5
"574","EST","POL",45
"575","EST","PRT",1
"576","EST","RUS",19
"577","EST","SVN",1
"578","EST","ESP",5
"579","EST","SWE",35
"580","EST","CHE",4
"581","EST","TUR",2
"582","EST","UKR",15
"583","EST","GBR",16
"584","FIN","AUT",14
"585","FIN","BHR",1
"586","FIN","BLR",17
"587","FIN","BEL",18
"588","FIN","CHN",1
"589","FIN","CYP",1
"590","FIN","CZE",8
"591","FIN","DNK",51
"592","FIN","EST",111
"593","FIN","FRA",37
"594","FIN","DEU",163
"595","FIN","HKG",11
"596","FIN","HUN",5
"597","FIN","IND",1
"598","FIN","IRL",10
"599","FIN","ITA",18
"600","FIN","JPN",73
"601","FIN","LVA",22
"602","FIN","LBN",1
"603","FIN","NLD",59
"604","FIN","NOR",32
"605","FIN","POL",16
"606","FIN","PRT",1
"607","FIN","QAT",30
"608","FIN","ROU",2
"609","FIN","RUS",25
"610","FIN","SGP",4
"611","FIN","KOR",15
"612","FIN","ESP",15
"613","FIN","SWE",185
"614","FIN","CHE",32
"615","FIN","THA",1
"616","FIN","TUR",13
"617","FIN","UKR",2
"618","FIN","ARE",8
"619","FIN","GBR",67
"620","FIN","USA",30
"621","FRA","DZA",56
"622","FRA","ARG",1
"623","FRA","AUT",98
"624","FRA","BLR",19
"625","FRA","BEL",187
"626","FRA","BRA",51
"627","FRA","BGR",1
"628","FRA","CAN",114
"629","FRA","CHN",39
"630","FRA","COL",11
"631","FRA","HRV",17
"632","FRA","CYP",7
"633","FRA","CZE",64
"634","FRA","DNK",81
"635","FRA","EST",4
"636","FRA","FIN",31
"637","FRA","PYF",1
"638","FRA","DEU",884
"639","FRA","GRC",37
"640","FRA","GGY",1
"641","FRA","HKG",12
"642","FRA","HUN",31
"643","FRA","IND",83
"644","FRA","IRL",83
"645","FRA","ISR",65
"646","FRA","ITA",595
"647","FRA","JPN",82
"648","FRA","JEY",5
"649","FRA","KAZ",3
"650","FRA","KEN",12
"651","FRA","LVA",15
"652","FRA","LBN",41
"653","FRA","LTU",8
"654","FRA","LUX",91
"655","FRA","MLI",35
"656","FRA","MLT",61
"657","FRA","MRT",2
"658","FRA","MEX",5
"659","FRA","MAR",255
"660","FRA","NLD",315
"661","FRA","NOR",15
"662","FRA","PAK",1
"663","FRA","PAN",12
"664","FRA","PHL",2
"665","FRA","POL",84
"666","FRA","PRT",365
"667","FRA","QAT",121
"668","FRA","ROU",60
"669","FRA","RUS",71
"670","FRA","SAU",7
"671","FRA","SEN",62
"672","FRA","SRB",20
"673","FRA","SGP",42
"674","FRA","SVK",4
"675","FRA","SVN",7
"676","FRA","ZAF",25
"677","FRA","KOR",44
"678","FRA","ESP",775
"679","FRA","SWE",95
"680","FRA","CHE",465
"681","FRA","TWN",24
"682","FRA","THA",1
"683","FRA","TUN",10
"684","FRA","TUR",145
"685","FRA","UKR",34
"686","FRA","ARE",133
"687","FRA","GBR",550
"688","FRA","USA",439
"689","FRA","VNM",2
"690","PYF","AUS",1
"691","PYF","CAN",6
"692","PYF","DNK",1
"693","PYF","FRA",1
"694","PYF","USA",2
"695","GMB","BEL",1
"696","GMB","LBN",1
"697","GMB","MAR",10
"698","GMB","POL",1
"699","GMB","SEN",37
"700","GMB","ESP",4
"701","GMB","CHE",2
"702","GMB","TUR",1
"703","GMB","GBR",1
"704","DEU","DZA",4
"705","DEU","ARG",1
"706","DEU","AUT",562
"707","DEU","BHR",64
"708","DEU","BLR",43
"709","DEU","BEL",373
"710","DEU","BMU",1
"711","DEU","BIH",2
"712","DEU","BRA",77
"713","DEU","BGR",14
"714","DEU","CAN",152
"715","DEU","CPV",3
"716","DEU","CHN",39
"717","DEU","COL",10
"718","DEU","HRV",133
"719","DEU","CYP",29
"720","DEU","CZE",171
"721","DEU","DNK",240
"722","DEU","EGY",1
"723","DEU","EST",48
"724","DEU","FIN",161
"725","DEU","FRA",852
"726","DEU","GMB",2
"727","DEU","GRC",123
"728","DEU","HKG",81
"729","DEU","HUN",160
"730","DEU","IND",156
"731","DEU","IRL",134
"732","DEU","IMN",1
"733","DEU","ISR",144
"734","DEU","ITA",1036
"735","DEU","JPN",134
"736","DEU","JEY",4
"737","DEU","JOR",5
"738","DEU","KAZ",5
"739","DEU","KEN",23
"740","DEU","KWT",3
"741","DEU","LVA",80
"742","DEU","LBN",59
"743","DEU","LTU",67
"744","DEU","LUX",51
"745","DEU","MLI",1
"746","DEU","MLT",52
"747","DEU","MEX",8
"748","DEU","MAR",6
"749","DEU","NLD",534
"750","DEU","NOR",117
"751","DEU","POL",441
"752","DEU","PRT",136
"753","DEU","QAT",168
"754","DEU","ROU",156
"755","DEU","RUS",320
"756","DEU","VCT",1
"757","DEU","SAU",17
"758","DEU","SEN",2
"759","DEU","SRB",70
"760","DEU","SGP",85
"761","DEU","SVK",51
"762","DEU","SVN",55
"763","DEU","ZAF",27
"764","DEU","KOR",182
"765","DEU","ESP",1322
"766","DEU","SWE",310
"767","DEU","CHE",677
"768","DEU","TWN",30
"769","DEU","THA",3
"770","DEU","TUN",2
"771","DEU","TUR",765
"772","DEU","UKR",154
"773","DEU","ARE",270
"774","DEU","GBR",1094
"775","DEU","USA",995
"776","DEU","UZB",1
"777","DEU","VNM",2
"778","GRC","AUT",10
"779","GRC","BHR",4
"780","GRC","BEL",2
"781","GRC","CAN",3
"782","GRC","HRV",1
"783","GRC","CYP",35
"784","GRC","DNK",3
"785","GRC","FRA",17
"786","GRC","DEU",57
"787","GRC","IRL",2
"788","GRC","ISR",3
"789","GRC","ITA",46
"790","GRC","LBN",1
"791","GRC","LUX",2
"792","GRC","MLT",1
"793","GRC","NLD",29
"794","GRC","PRT",1
"795","GRC","QAT",8
"796","GRC","ROU",4
"797","GRC","RUS",7
"798","GRC","SAU",1
"799","GRC","SRB",7
"800","GRC","SGP",1
"801","GRC","ESP",10
"802","GRC","SWE",1
"803","GRC","CHE",22
"804","GRC","TUR",16
"805","GRC","ARE",12
"806","GRC","GBR",25
"807","GRD","USA",1
"808","GTM","BEL",2
"809","GTM","BRA",2
"810","GTM","CAN",7
"811","GTM","COL",7
"812","GTM","ECU",1
"813","GTM","MEX",15
"814","GTM","NIC",7
"815","GTM","PAN",75
"816","GTM","ESP",10
"817","GTM","USA",457
"818","GGY","BMU",1
"819","GGY","CZE",1
"820","GGY","DEU",1
"821","GGY","IRL",3
"822","GGY","JEY",6
"823","GGY","CHE",1
"824","GGY","ARE",1
"825","GGY","GBR",70
"826","GIN","MLI",1
"827","GNB","FRA",1
"828","GNB","LTU",1
"829","GNB","PRT",8
"830","GNB","SEN",12
"831","HKG","AUS",117
"832","HKG","AUT",6
"833","HKG","BHR",3
"834","HKG","BGD",33
"835","HKG","BEL",62
"836","HKG","BRN",5
"837","HKG","CAN",21
"838","HKG","CHN",18
"839","HKG","FIN",10
"840","HKG","FRA",9
"841","HKG","DEU",97
"842","HKG","HUN",12
"843","HKG","IND",177
"844","HKG","IDN",1
"845","HKG","IRL",1
"846","HKG","ISR",37
"847","HKG","ITA",6
"848","HKG","JPN",462
"849","HKG","KAZ",30
"850","HKG","LUX",26
"851","HKG","MAC",3
"852","HKG","MYS",179
"853","HKG","MLT",1
"854","HKG","NLD",40
"855","HKG","NZL",10
"856","HKG","PHL",93
"857","HKG","QAT",122
"858","HKG","RUS",98
"859","HKG","SAU",16
"860","HKG","SGP",274
"861","HKG","KOR",334
"862","HKG","ESP",7
"863","HKG","LKA",1
"864","HKG","SWE",1
"865","HKG","CHE",10
"866","HKG","TWN",614
"867","HKG","THA",58
"868","HKG","TUR",15
"869","HKG","UKR",3
"870","HKG","ARE",202
"871","HKG","GBR",80
"872","HKG","USA",182
"873","HKG","VNM",50
"874","HUN","AUT",46
"875","HUN","BEL",8
"876","HUN","CAN",1
"877","HUN","HRV",1
"878","HUN","CZE",43
"879","HUN","DNK",5
"880","HUN","FIN",6
"881","HUN","FRA",35
"882","HUN","DEU",163
"883","HUN","GRC",1
"884","HUN","HKG",2
"885","HUN","IRL",14
"886","HUN","ISR",15
"887","HUN","ITA",14
"888","HUN","JPN",1
"889","HUN","KAZ",2
"890","HUN","LVA",1
"891","HUN","LBN",2
"892","HUN","LTU",1
"893","HUN","LUX",13
"894","HUN","MLT",8
"895","HUN","NLD",68
"896","HUN","NOR",2
"897","HUN","POL",30
"898","HUN","QAT",21
"899","HUN","ROU",12
"900","HUN","RUS",19
"901","HUN","SRB",19
"902","HUN","SVK",2
"903","HUN","SVN",4
"904","HUN","KOR",4
"905","HUN","ESP",10
"906","HUN","SWE",9
"907","HUN","CHE",21
"908","HUN","TUR",32
"909","HUN","UKR",3
"910","HUN","ARE",22
"911","HUN","GBR",57
"912","HUN","USA",3
"913","HUN","UZB",2
"914","IND","AUS",5
"915","IND","AUT",12
"916","IND","BHR",42
"917","IND","BGD",126
"918","IND","BLR",1
"919","IND","BEL",14
"920","IND","BRA",1
"921","IND","CAN",71
"922","IND","CHN",42
"923","IND","FRA",61
"924","IND","DEU",209
"925","IND","HKG",160
"926","IND","IDN",1
"927","IND","ISR",3
"928","IND","ITA",12
"929","IND","JPN",67
"930","IND","KAZ",5
"931","IND","KEN",17
"932","IND","KWT",16
"933","IND","LBN",1
"934","IND","LUX",15
"935","IND","MYS",125
"936","IND","NLD",32
"937","IND","PAK",1
"938","IND","PHL",5
"939","IND","POL",16
"940","IND","QAT",512
"941","IND","RUS",27
"942","IND","SAU",75
"943","IND","SEN",1
"944","IND","SGP",238
"945","IND","ZAF",1
"946","IND","KOR",28
"947","IND","ESP",2
"948","IND","LKA",3
"949","IND","SWE",1
"950","IND","CHE",17
"951","IND","TWN",16
"952","IND","THA",18
"953","IND","TUR",52
"954","IND","UKR",2
"955","IND","ARE",1352
"956","IND","GBR",166
"957","IND","USA",217
"958","IND","VNM",12
"959","IDN","AUS",14
"960","IDN","HKG",4
"961","IDN","IND",3
"962","IDN","JPN",6
"963","IDN","MAC",1
"964","IDN","MYS",21
"965","IDN","QAT",3
"966","IDN","SGP",72
"967","IDN","KOR",7
"968","IDN","TWN",1
"969","IDN","THA",9
"970","IDN","ARE",5
"971","IDN","VNM",10
"972","IRQ","QAT",4
"973","IRQ","TUR",1
"974","IRQ","ARE",5
"975","IRL","BHR",1
"976","IRL","BRB",1
"977","IRL","BEL",34
"978","IRL","BMU",5
"979","IRL","CAN",18
"980","IRL","HRV",1
"981","IRL","CZE",1
"982","IRL","DNK",4
"983","IRL","FIN",10
"984","IRL","FRA",81
"985","IRL","DEU",131
"986","IRL","GRC",3
"987","IRL","GGY",2
"988","IRL","HUN",18
"989","IRL","IND",1
"990","IRL","IMN",1
"991","IRL","ISR",3
"992","IRL","ITA",21
"993","IRL","JEY",2
"994","IRL","LVA",9
"995","IRL","LTU",10
"996","IRL","LUX",2
"997","IRL","MLT",3
"998","IRL","NLD",106
"999","IRL","NOR",2
"1000","IRL","POL",31
"1001","IRL","PRT",18
"1002","IRL","PRI",1
"1003","IRL","QAT",40
"1004","IRL","ROU",9
"1005","IRL","SEN",1
"1006","IRL","ESP",51
"1007","IRL","SWE",9
"1008","IRL","CHE",6
"1009","IRL","TUR",16
"1010","IRL","ARE",19
"1011","IRL","GBR",380
"1012","IRL","USA",220
"1013","IMN","BMU",1
"1014","IMN","DEU",1
"1015","IMN","JEY",1
"1016","IMN","NLD",2
"1017","IMN","GBR",43
"1018","ISR","AUT",8
"1019","ISR","BLR",4
"1020","ISR","BEL",64
"1021","ISR","CAN",7
"1022","ISR","CHN",9
"1023","ISR","HRV",1
"1024","ISR","CYP",73
"1025","ISR","CZE",5
"1026","ISR","DNK",1
"1027","ISR","FRA",77
"1028","ISR","DEU",126
"1029","ISR","GRC",13
"1030","ISR","HKG",35
"1031","ISR","HUN",14
"1032","ISR","IND",7
"1033","ISR","IRL",3
"1034","ISR","ITA",17
"1035","ISR","JOR",20
"1036","ISR","KEN",3
"1037","ISR","LVA",1
"1038","ISR","LTU",2
"1039","ISR","MLT",6
"1040","ISR","NLD",7
"1041","ISR","NOR",1
"1042","ISR","PAN",1
"1043","ISR","POL",8
"1044","ISR","ROU",8
"1045","ISR","RUS",33
"1046","ISR","SRB",9
"1047","ISR","SVK",2
"1048","ISR","SVN",1
"1049","ISR","ZAF",1
"1050","ISR","KOR",2
"1051","ISR","ESP",20
"1052","ISR","SWE",1
"1053","ISR","CHE",17
"1054","ISR","TUR",131
"1055","ISR","UKR",51
"1056","ISR","ARE",48
"1057","ISR","GBR",70
"1058","ISR","USA",118
"1059","ITA","DZA",5
"1060","ITA","AUT",87
"1061","ITA","BHR",16
"1062","ITA","BLR",27
"1063","ITA","BEL",171
"1064","ITA","BMU",1
"1065","ITA","BRA",6
"1066","ITA","BGR",1
"1067","ITA","CAN",16
"1068","ITA","HRV",46
"1069","ITA","CYP",7
"1070","ITA","CZE",22
"1071","ITA","DNK",17
"1072","ITA","EST",2
"1073","ITA","FIN",15
"1074","ITA","FRA",553
"1075","ITA","DEU",1076
"1076","ITA","GRC",39
"1077","ITA","HKG",6
"1078","ITA","HUN",10
"1079","ITA","IND",5
"1080","ITA","IRL",19
"1081","ITA","ISR",20
"1082","ITA","JPN",28
"1083","ITA","KEN",3
"1084","ITA","KWT",1
"1085","ITA","LVA",7
"1086","ITA","LBN",11
"1087","ITA","LTU",11
"1088","ITA","LUX",86
"1089","ITA","MLI",5
"1090","ITA","MLT",52
"1091","ITA","MAR",6
"1092","ITA","NLD",283
"1093","ITA","NOR",3
"1094","ITA","POL",66
"1095","ITA","PRT",44
"1096","ITA","QAT",166
"1097","ITA","ROU",75
"1098","ITA","RUS",96
"1099","ITA","VCT",3
"1100","ITA","SAU",2
"1101","ITA","SEN",20
"1102","ITA","SRB",13
"1103","ITA","SGP",13
"1104","ITA","SVK",4
"1105","ITA","SVN",26
"1106","ITA","ZAF",4
"1107","ITA","KOR",35
"1108","ITA","ESP",570
"1109","ITA","SWE",11
"1110","ITA","CHE",236
"1111","ITA","TUR",125
"1112","ITA","UKR",33
"1113","ITA","ARE",117
"1114","ITA","GBR",299
"1115","ITA","USA",193
"1116","JPN","AUS",95
"1117","JPN","AUT",1
"1118","JPN","BGD",1
"1119","JPN","BEL",44
"1120","JPN","CAN",108
"1121","JPN","CHN",111
"1122","JPN","EST",1
"1123","JPN","FIN",63
"1124","JPN","FRA",99
"1125","JPN","DEU",121
"1126","JPN","HKG",592
"1127","JPN","IND",84
"1128","JPN","IDN",5
"1129","JPN","ITA",9
"1130","JPN","LTU",1
"1131","JPN","MAC",3
"1132","JPN","MYS",94
"1133","JPN","NLD",53
"1134","JPN","NZL",13
"1135","JPN","PHL",144
"1136","JPN","POL",1
"1137","JPN","QAT",28
"1138","JPN","RUS",29
"1139","JPN","SGP",239
"1140","JPN","KOR",429
"1141","JPN","ESP",1
"1142","JPN","CHE",17
"1143","JPN","TWN",563
"1144","JPN","THA",59
"1145","JPN","TUR",7
"1146","JPN","ARE",77
"1147","JPN","GBR",92
"1148","JPN","USA",1152
"1149","JPN","VNM",83
"1150","JEY","BEL",1
"1151","JEY","DNK",1
"1152","JEY","FRA",7
"1153","JEY","DEU",5
"1154","JEY","GGY",6
"1155","JEY","IRL",3
"1156","JEY","NLD",4
"1157","JEY","PRT",1
"1158","JEY","CHE",1
"1159","JEY","GBR",151
"1160","JOR","GRC",1
"1161","JOR","ARE",1
"1162","KAZ","AUT",2
"1163","KAZ","BEL",8
"1164","KAZ","CHN",23
"1165","KAZ","CZE",1
"1166","KAZ","DNK",1
"1167","KAZ","DEU",14
"1168","KAZ","GRC",1
"1169","KAZ","HKG",36
"1170","KAZ","HUN",1
"1171","KAZ","IND",5
"1172","KAZ","ISR",1
"1173","KAZ","ITA",1
"1174","KAZ","MYS",5
"1175","KAZ","NLD",1
"1176","KAZ","RUS",51
"1177","KAZ","SRB",1
"1178","KAZ","SGP",1
"1179","KAZ","SVK",1
"1180","KAZ","KOR",12
"1181","KAZ","ESP",7
"1182","KAZ","CHE",3
"1183","KAZ","TUR",80
"1184","KAZ","UKR",9
"1185","KAZ","ARE",83
"1186","KAZ","GBR",1
"1187","KAZ","UZB",16
"1188","KEN","BHR",21
"1189","KEN","BEL",55
"1190","KEN","BRA",1
"1191","KEN","CHN",10
"1192","KEN","FIN",1
"1193","KEN","FRA",29
"1194","KEN","DEU",19
"1195","KEN","GRC",1
"1196","KEN","HKG",1
"1197","KEN","HUN",1
"1198","KEN","IND",17
"1199","KEN","IRL",1
"1200","KEN","ISR",4
"1201","KEN","ITA",6
"1202","KEN","LUX",1
"1203","KEN","MLI",1
"1204","KEN","NLD",116
"1205","KEN","NOR",1
"1206","KEN","QAT",60
"1207","KEN","SAU",1
"1208","KEN","SEN",5
"1209","KEN","ZAF",51
"1210","KEN","KOR",1
"1211","KEN","SWE",1
"1212","KEN","CHE",3
"1213","KEN","TUR",33
"1214","KEN","ARE",117
"1215","KEN","GBR",61
"1216","KEN","USA",19
"1217","KWT","BHR",12
"1218","KWT","BGD",9
"1219","KWT","DEU",1
"1220","KWT","IND",8
"1221","KWT","IRN",1
"1222","KWT","LBN",1
"1223","KWT","MYS",3
"1224","KWT","NLD",2
"1225","KWT","PAK",3
"1226","KWT","QAT",9
"1227","KWT","TUR",4
"1228","KWT","ARE",21
"1229","KWT","GBR",3
"1230","KGZ","RUS",5
"1231","LVA","AUT",8
"1232","LVA","BLR",6
"1233","LVA","BEL",1
"1234","LVA","BGR",1
"1235","LVA","HRV",1
"1236","LVA","CYP",2
"1237","LVA","CZE",3
"1238","LVA","DNK",10
"1239","LVA","EST",29
"1240","LVA","FIN",22
"1241","LVA","FRA",12
"1242","LVA","DEU",78
"1243","LVA","HUN",2
"1244","LVA","IRL",9
"1245","LVA","ISR",3
"1246","LVA","ITA",12
"1247","LVA","LTU",64
"1248","LVA","MLT",1
"1249","LVA","NLD",32
"1250","LVA","NOR",14
"1251","LVA","POL",21
"1252","LVA","PRT",1
"1253","LVA","RUS",110
"1254","LVA","SRB",1
"1255","LVA","SVN",1
"1256","LVA","ESP",11
"1257","LVA","SWE",20
"1258","LVA","CHE",12
"1259","LVA","TUR",1
"1260","LVA","UKR",15
"1261","LVA","GBR",42
"1262","LBN","DZA",1
"1263","LBN","BHR",14
"1264","LBN","BGD",4
"1265","LBN","BLR",1
"1266","LBN","BEL",4
"1267","LBN","CYP",19
"1268","LBN","DNK",8
"1269","LBN","FRA",43
"1270","LBN","DEU",64
"1271","LBN","GRC",5
"1272","LBN","HUN",2
"1273","LBN","IND",1
"1274","LBN","ITA",8
"1275","LBN","KWT",4
"1276","LBN","POL",1
"1277","LBN","QAT",106
"1278","LBN","ROU",1
"1279","LBN","RUS",1
"1280","LBN","SAU",6
"1281","LBN","SEN",1
"1282","LBN","ESP",3
"1283","LBN","CHE",5
"1284","LBN","TUR",131
"1285","LBN","ARE",147
"1286","LBN","GBR",15
"1287","LTU","BLR",31
"1288","LTU","BEL",2
"1289","LTU","CZE",4
"1290","LTU","DNK",11
"1291","LTU","EST",1
"1292","LTU","FRA",5
"1293","LTU","DEU",69
"1294","LTU","HUN",1
"1295","LTU","IRL",9
"1296","LTU","ISR",1
"1297","LTU","ITA",8
"1298","LTU","LVA",63
"1299","LTU","NLD",17
"1300","LTU","NOR",12
"1301","LTU","POL",62
"1302","LTU","PRT",4
"1303","LTU","ROU",1
"1304","LTU","RUS",53
"1305","LTU","ESP",3
"1306","LTU","SWE",8
"1307","LTU","CHE",5
"1308","LTU","TUR",16
"1309","LTU","UKR",32
"1310","LTU","ARE",3
"1311","LTU","GBR",54
"1312","LUX","AUT",17
"1313","LUX","BHR",10
"1314","LUX","BEL",16
"1315","LUX","BRA",35
"1316","LUX","CAN",2
"1317","LUX","HRV",1
"1318","LUX","CZE",4
"1319","LUX","DNK",5
"1320","LUX","FRA",62
"1321","LUX","DEU",50
"1322","LUX","GRC",8
"1323","LUX","HKG",1
"1324","LUX","HUN",2
"1325","LUX","IND",14
"1326","LUX","IRL",2
"1327","LUX","ITA",76
"1328","LUX","JPN",4
"1329","LUX","JOR",1
"1330","LUX","KAZ",9
"1331","LUX","KWT",3
"1332","LUX","LBN",5
"1333","LUX","MYS",35
"1334","LUX","MLT",1
"1335","LUX","NLD",45
"1336","LUX","NOR",1
"1337","LUX","POL",4
"1338","LUX","PRT",54
"1339","LUX","PRI",4
"1340","LUX","QAT",65
"1341","LUX","ROU",1
"1342","LUX","SAU",5
"1343","LUX","SRB",1
"1344","LUX","SGP",12
"1345","LUX","ZAF",11
"1346","LUX","KOR",4
"1347","LUX","ESP",50
"1348","LUX","SWE",10
"1349","LUX","CHE",34
"1350","LUX","TWN",18
"1351","LUX","THA",1
"1352","LUX","TUR",4
"1353","LUX","ARE",40
"1354","LUX","GBR",26
"1355","LUX","USA",115
"1356","MAC","CAN",1
"1357","MAC","CHN",10
"1358","MAC","HKG",2
"1359","MAC","IND",3
"1360","MAC","JPN",14
"1361","MAC","PHL",10
"1362","MAC","RUS",9
"1363","MAC","TWN",73
"1364","MAC","ARE",1
"1365","MDG","USA",2
"1366","MYS","AUS",96
"1367","MYS","BGD",35
"1368","MYS","BRN",12
"1369","MYS","CHN",86
"1370","MYS","DEU",2
"1371","MYS","HKG",206
"1372","MYS","IND",122
"1373","MYS","IDN",2
"1374","MYS","ITA",1
"1375","MYS","JPN",82
"1376","MYS","KAZ",1
"1377","MYS","KEN",1
"1378","MYS","MAC",1
"1379","MYS","NLD",2
"1380","MYS","NZL",18
"1381","MYS","PAK",3
"1382","MYS","PHL",19
"1383","MYS","QAT",66
"1384","MYS","SAU",3
"1385","MYS","SGP",164
"1386","MYS","KOR",81
"1387","MYS","TWN",132
"1388","MYS","THA",30
"1389","MYS","TUR",24
"1390","MYS","ARE",68
"1391","MYS","GBR",36
"1392","MYS","USA",2
"1393","MYS","VNM",44
"1394","MLI","DZA",1
"1395","MLI","AUT",1
"1396","MLI","CZE",1
"1397","MLI","FRA",33
"1398","MLI","DEU",2
"1399","MLI","IND",1
"1400","MLI","IRL",2
"1401","MLI","ISR",1
"1402","MLI","ITA",10
"1403","MLI","KEN",1
"1404","MLI","MRT",2
"1405","MLI","MAR",27
"1406","MLI","SEN",61
"1407","MLI","SVK",1
"1408","MLI","ZAF",2
"1409","MLI","KOR",1
"1410","MLI","ESP",2
"1411","MLI","SWE",3
"1412","MLI","TUR",16
"1413","MLI","ARE",1
"1414","MLI","GBR",1
"1415","MLT","DZA",1
"1416","MLT","AUT",6
"1417","MLT","BHR",1
"1418","MLT","BRB",1
"1419","MLT","BEL",2
"1420","MLT","HRV",2
"1421","MLT","CYP",2
"1422","MLT","CZE",2
"1423","MLT","FRA",41
"1424","MLT","DEU",48
"1425","MLT","GRC",1
"1426","MLT","HKG",2
"1427","MLT","HUN",1
"1428","MLT","IRL",4
"1429","MLT","ISR",2
"1430","MLT","ITA",74
"1431","MLT","MAR",2
"1432","MLT","NLD",7
"1433","MLT","POL",4
"1434","MLT","PRT",3
"1435","MLT","QAT",1
"1436","MLT","ROU",1
"1437","MLT","RUS",2
"1438","MLT","SRB",3
"1439","MLT","SVK",1
"1440","MLT","ZAF",1
"1441","MLT","ESP",17
"1442","MLT","SWE",2
"1443","MLT","CHE",11
"1444","MLT","TUR",14
"1445","MLT","UKR",1
"1446","MLT","ARE",2
"1447","MLT","GBR",31
"1448","MLT","USA",1
"1449","MRT","FRA",4
"1450","MRT","DEU",1
"1451","MRT","MAR",3
"1452","MRT","SEN",7
"1453","MEX","BRA",2
"1454","MEX","CAN",3
"1455","MEX","COL",6
"1456","MEX","FRA",2
"1457","MEX","DEU",7
"1458","MEX","GTM",10
"1459","MEX","NIC",1
"1460","MEX","PAN",32
"1461","MEX","PER",1
"1462","MEX","POL",3
"1463","MEX","KOR",1
"1464","MEX","ESP",2
"1465","MEX","CHE",1
"1466","MEX","TUR",1
"1467","MEX","GBR",1
"1468","MEX","USA",768
"1469","MAR","DZA",5
"1470","MAR","BHR",6
"1471","MAR","BEL",9
"1472","MAR","BIH",1
"1473","MAR","CAN",7
"1474","MAR","CPV",1
"1475","MAR","FRA",235
"1476","MAR","GMB",10
"1477","MAR","DEU",2
"1478","MAR","ITA",7
"1479","MAR","LUX",1
"1480","MAR","MLI",21
"1481","MAR","MRT",3
"1482","MAR","PRT",1
"1483","MAR","PRI",1
"1484","MAR","QAT",18
"1485","MAR","RUS",4
"1486","MAR","SAU",6
"1487","MAR","SEN",32
"1488","MAR","ZAF",1
"1489","MAR","ESP",173
"1490","MAR","CHE",2
"1491","MAR","TUR",13
"1492","MAR","ARE",37
"1493","MAR","GBR",3
"1494","MAR","USA",20
"1495","NLD","ARG",2
"1496","NLD","AUT",112
"1497","NLD","BHR",11
"1498","NLD","BLR",21
"1499","NLD","BEL",92
"1500","NLD","BIH",1
"1501","NLD","BRA",75
"1502","NLD","BGR",3
"1503","NLD","CAN",94
"1504","NLD","CHN",18
"1505","NLD","COL",20
"1506","NLD","HRV",66
"1507","NLD","CYP",2
"1508","NLD","CZE",72
"1509","NLD","DNK",107
"1510","NLD","ECU",7
"1511","NLD","EST",10
"1512","NLD","FIN",55
"1513","NLD","FRA",332
"1514","NLD","DEU",588
"1515","NLD","GRC",37
"1516","NLD","HKG",16
"1517","NLD","HUN",48
"1518","NLD","IND",34
"1519","NLD","IRL",106
"1520","NLD","ISR",8
"1521","NLD","ITA",319
"1522","NLD","JPN",34
"1523","NLD","JEY",3
"1524","NLD","KAZ",1
"1525","NLD","KEN",36
"1526","NLD","KWT",4
"1527","NLD","LVA",31
"1528","NLD","LBN",2
"1529","NLD","LTU",18
"1530","NLD","LUX",54
"1531","NLD","MYS",1
"1532","NLD","MLT",1
"1533","NLD","NOR",107
"1534","NLD","PAN",27
"1535","NLD","PHL",5
"1536","NLD","POL",177
"1537","NLD","PRT",103
"1538","NLD","QAT",101
"1539","NLD","ROU",77
"1540","NLD","RUS",89
"1541","NLD","SAU",18
"1542","NLD","SRB",10
"1543","NLD","SGP",63
"1544","NLD","ZAF",42
"1545","NLD","KOR",86
"1546","NLD","ESP",326
"1547","NLD","SWE",131
"1548","NLD","CHE",155
"1549","NLD","TWN",48
"1550","NLD","THA",6
"1551","NLD","TUR",163
"1552","NLD","UKR",80
"1553","NLD","ARE",164
"1554","NLD","GBR",232
"1555","NLD","USA",537
"1556","NZL","AUS",274
"1557","NZL","BHR",1
"1558","NZL","CAN",15
"1559","NZL","CHN",13
"1560","NZL","HKG",19
"1561","NZL","JPN",9
"1562","NZL","MYS",17
"1563","NZL","SGP",38
"1564","NZL","KOR",7
"1565","NZL","TWN",20
"1566","NZL","ARE",2
"1567","NZL","USA",71
"1568","NIC","CAN",1
"1569","NIC","GTM",5
"1570","NIC","MEX",1
"1571","NIC","PAN",14
"1572","NIC","ESP",1
"1573","NIC","USA",116
"1574","NOR","AUT",4
"1575","NOR","BLR",1
"1576","NOR","BEL",1
"1577","NOR","HRV",1
"1578","NOR","CZE",4
"1579","NOR","DNK",169
"1580","NOR","EST",5
"1581","NOR","FIN",31
"1582","NOR","FRA",26
"1583","NOR","DEU",110
"1584","NOR","HUN",5
"1585","NOR","IRL",6
"1586","NOR","ISR",5
"1587","NOR","ITA",1
"1588","NOR","LVA",16
"1589","NOR","LTU",17
"1590","NOR","NLD",85
"1591","NOR","POL",106
"1592","NOR","QAT",73
"1593","NOR","ROU",3
"1594","NOR","RUS",4
"1595","NOR","SRB",6
"1596","NOR","KOR",20
"1597","NOR","ESP",16
"1598","NOR","SWE",96
"1599","NOR","CHE",8
"1600","NOR","TUR",29
"1601","NOR","UKR",4
"1602","NOR","ARE",30
"1603","NOR","GBR",73
"1604","NOR","USA",3
"1605","OMN","IND",3
"1606","PAK","BHR",7
"1607","PAK","CAN",1
"1608","PAK","FRA",1
"1609","PAK","IRL",1
"1610","PAK","KWT",1
"1611","PAK","QAT",7
"1612","PAK","SAU",8
"1613","PAK","TUR",8
"1614","PAK","ARE",126
"1615","PAK","GBR",10
"1616","PAN","BEL",7
"1617","PAN","BRA",36
"1618","PAN","CAN",20
"1619","PAN","COL",81
"1620","PAN","ECU",5
"1621","PAN","FRA",12
"1622","PAN","GTM",61
"1623","PAN","ISR",1
"1624","PAN","MEX",29
"1625","PAN","NLD",22
"1626","PAN","NIC",23
"1627","PAN","PER",1
"1628","PAN","PRI",7
"1629","PAN","ESP",1
"1630","PAN","TUR",4
"1631","PAN","USA",483
"1632","PAN","URY",1
"1633","PHL","AUS",3
"1634","PHL","BHR",13
"1635","PHL","BRN",4
"1636","PHL","CAN",2
"1637","PHL","CHN",54
"1638","PHL","FRA",1
"1639","PHL","DEU",3
"1640","PHL","HKG",114
"1641","PHL","IND",7
"1642","PHL","ITA",1
"1643","PHL","JPN",110
"1644","PHL","MAC",9
"1645","PHL","MYS",18
"1646","PHL","NLD",6
"1647","PHL","QAT",40
"1648","PHL","SAU",21
"1649","PHL","SGP",91
"1650","PHL","KOR",49
"1651","PHL","ESP",1
"1652","PHL","TWN",64
"1653","PHL","THA",24
"1654","PHL","TUR",10
"1655","PHL","ARE",56
"1656","PHL","USA",14
"1657","PHL","VNM",5
"1658","POL","AUT",33
"1659","POL","BLR",52
"1660","POL","BEL",78
"1661","POL","BGR",4
"1662","POL","CAN",7
"1663","POL","HRV",4
"1664","POL","CYP",1
"1665","POL","CZE",45
"1666","POL","DNK",43
"1667","POL","EST",48
"1668","POL","FIN",19
"1669","POL","FRA",105
"1670","POL","DEU",423
"1671","POL","GRC",3
"1672","POL","HUN",34
"1673","POL","IND",16
"1674","POL","IRL",35
"1675","POL","ISR",7
"1676","POL","ITA",67
"1677","POL","JPN",1
"1678","POL","LVA",10
"1679","POL","LTU",60
"1680","POL","LUX",3
"1681","POL","MLT",6
"1682","POL","MEX",3
"1683","POL","NLD",173
"1684","POL","NOR",87
"1685","POL","PRT",9
"1686","POL","QAT",24
"1687","POL","ROU",28
"1688","POL","RUS",32
"1689","POL","SRB",2
"1690","POL","SVK",3
"1691","POL","KOR",12
"1692","POL","ESP",42
"1693","POL","SWE",106
"1694","POL","CHE",91
"1695","POL","TUR",24
"1696","POL","UKR",107
"1697","POL","ARE",34
"1698","POL","GBR",192
"1699","POL","USA",46
"1700","PRT","AUT",9
"1701","PRT","BRB",1
"1702","PRT","BEL",33
"1703","PRT","BMU",1
"1704","PRT","BRA",64
"1705","PRT","CAN",12
"1706","PRT","CPV",18
"1707","PRT","COL",1
"1708","PRT","CZE",4
"1709","PRT","DNK",2
"1710","PRT","EST",1
"1711","PRT","FIN",1
"1712","PRT","FRA",355
"1713","PRT","DEU",151
"1714","PRT","GRC",2
"1715","PRT","GNB",5
"1716","PRT","HKG",1
"1717","PRT","IRL",18
"1718","PRT","ISR",1
"1719","PRT","ITA",46
"1720","PRT","JOR",1
"1721","PRT","LVA",2
"1722","PRT","LTU",2
"1723","PRT","LUX",54
"1724","PRT","MLT",1
"1725","PRT","NLD",105
"1726","PRT","POL",9
"1727","PRT","ROU",1
"1728","PRT","RUS",1
"1729","PRT","LCA",1
"1730","PRT","VCT",3
"1731","PRT","SEN",11
"1732","PRT","SVN",1
"1733","PRT","ESP",279
"1734","PRT","SWE",7
"1735","PRT","CHE",124
"1736","PRT","TUR",17
"1737","PRT","ARE",18
"1738","PRT","GBR",27
"1739","PRT","USA",67
"1740","PRI","BRB",24
"1741","PRI","BMU",2
"1742","PRI","BRA",2
"1743","PRI","CAN",2
"1744","PRI","COL",2
"1745","PRI","PAN",6
"1746","PRI","VCT",3
"1747","PRI","SEN",1
"1748","PRI","ZAF",1
"1749","PRI","GBR",1
"1750","PRI","USA",2622
"1751","QAT","DZA",5
"1752","QAT","AUS",127
"1753","QAT","AUT",31
"1754","QAT","BHR",20
"1755","QAT","BGD",100
"1756","QAT","BEL",70
"1757","QAT","BRA",43
"1758","QAT","BGR",2
"1759","QAT","CAN",40
"1760","QAT","CHN",48
"1761","QAT","HRV",5
"1762","QAT","CYP",17
"1763","QAT","CZE",23
"1764","QAT","DNK",44
"1765","QAT","FIN",19
"1766","QAT","FRA",119
"1767","QAT","DEU",165
"1768","QAT","GRC",25
"1769","QAT","HKG",91
"1770","QAT","HUN",27
"1771","QAT","IND",517
"1772","QAT","IDN",1
"1773","QAT","IRQ",4
"1774","QAT","IRL",24
"1775","QAT","ISR",1
"1776","QAT","ITA",145
"1777","QAT","JPN",45
"1778","QAT","KAZ",9
"1779","QAT","KEN",57
"1780","QAT","KWT",27
"1781","QAT","LBN",101
"1782","QAT","LUX",101
"1783","QAT","MAC",5
"1784","QAT","MYS",73
"1785","QAT","MLT",2
"1786","QAT","MAR",16
"1787","QAT","NLD",144
"1788","QAT","NOR",31
"1789","QAT","PAK",53
"1790","QAT","PHL",56
"1791","QAT","POL",18
"1792","QAT","ROU",30
"1793","QAT","RUS",22
"1794","QAT","SAU",82
"1795","QAT","SRB",13
"1796","QAT","SGP",72
"1797","QAT","ZAF",90
"1798","QAT","KOR",41
"1799","QAT","ESP",137
"1800","QAT","LKA",2
"1801","QAT","SWE",43
"1802","QAT","CHE",33
"1803","QAT","THA",6
"1804","QAT","TUR",163
"1805","QAT","UKR",22
"1806","QAT","ARE",134
"1807","QAT","GBR",275
"1808","QAT","USA",279
"1809","QAT","VNM",31
"1810","ROU","AUT",47
"1811","ROU","BEL",41
"1812","ROU","BGR",5
"1813","ROU","HRV",2
"1814","ROU","CYP",9
"1815","ROU","CZE",9
"1816","ROU","DNK",11
"1817","ROU","FIN",2
"1818","ROU","FRA",60
"1819","ROU","DEU",132
"1820","ROU","GRC",10
"1821","ROU","HUN",10
"1822","ROU","IRL",7
"1823","ROU","ISR",6
"1824","ROU","ITA",103
"1825","ROU","JOR",1
"1826","ROU","LBN",1
"1827","ROU","LUX",1
"1828","ROU","NLD",79
"1829","ROU","NOR",3
"1830","ROU","POL",23
"1831","ROU","PRT",1
"1832","ROU","QAT",30
"1833","ROU","RUS",1
"1834","ROU","SRB",9
"1835","ROU","SVK",3
"1836","ROU","ESP",47
"1837","ROU","SWE",9
"1838","ROU","CHE",14
"1839","ROU","TUR",77
"1840","ROU","UKR",8
"1841","ROU","ARE",50
"1842","ROU","GBR",102
"1843","RUS","DZA",1
"1844","RUS","ARG",1
"1845","RUS","AUS",1
"1846","RUS","AUT",93
"1847","RUS","BGD",4
"1848","RUS","BLR",83
"1849","RUS","BEL",33
"1850","RUS","BMU",1
"1851","RUS","BIH",1
"1852","RUS","BGR",2
"1853","RUS","CAN",1
"1854","RUS","CHN",7
"1855","RUS","HRV",8
"1856","RUS","CYP",50
"1857","RUS","CZE",37
"1858","RUS","DNK",16
"1859","RUS","EST",19
"1860","RUS","FIN",39
"1861","RUS","FRA",55
"1862","RUS","DEU",368
"1863","RUS","GRC",32
"1864","RUS","HKG",90
"1865","RUS","HUN",18
"1866","RUS","IND",20
"1867","RUS","IRL",2
"1868","RUS","ISR",33
"1869","RUS","ITA",90
"1870","RUS","JPN",27
"1871","RUS","JOR",2
"1872","RUS","KAZ",39
"1873","RUS","KGZ",7
"1874","RUS","LVA",119
"1875","RUS","LBN",1
"1876","RUS","LTU",29
"1877","RUS","LUX",1
"1878","RUS","MAC",10
"1879","RUS","MAR",4
"1880","RUS","NLD",98
"1881","RUS","NOR",5
"1882","RUS","POL",31
"1883","RUS","PRT",1
"1884","RUS","QAT",19
"1885","RUS","ROU",4
"1886","RUS","SRB",57
"1887","RUS","SGP",23
"1888","RUS","SVK",5
"1889","RUS","SVN",9
"1890","RUS","ZAF",2
"1891","RUS","KOR",31
"1892","RUS","ESP",77
"1893","RUS","SWE",14
"1894","RUS","CHE",118
"1895","RUS","SYR",2
"1896","RUS","TUR",438
"1897","RUS","ARE",284
"1898","RUS","GBR",100
"1899","RUS","USA",53
"1900","RUS","UZB",11
"1901","RUS","VNM",3
"1902","LCA","BRB",20
"1903","LCA","POL",1
"1904","LCA","PRI",12
"1905","LCA","VCT",32
"1906","LCA","GBR",2
"1907","LCA","USA",120
"1908","VCT","BRB",37
"1909","VCT","ITA",1
"1910","VCT","PAN",1
"1911","VCT","PRI",20
"1912","VCT","LCA",23
"1913","VCT","SWE",1
"1914","VCT","GBR",2
"1915","VCT","USA",57
"1916","SAU","BHR",52
"1917","SAU","BGD",39
"1918","SAU","BEL",8
"1919","SAU","CHN",5
"1920","SAU","CYP",3
"1921","SAU","FRA",7
"1922","SAU","DEU",17
"1923","SAU","HKG",12
"1924","SAU","IND",53
"1925","SAU","ITA",6
"1926","SAU","KEN",3
"1927","SAU","KWT",3
"1928","SAU","LBN",11
"1929","SAU","MYS",3
"1930","SAU","MLI",1
"1931","SAU","MAR",4
"1932","SAU","NLD",4
"1933","SAU","PAK",17
"1934","SAU","PHL",16
"1935","SAU","QAT",47
"1936","SAU","ESP",5
"1937","SAU","LKA",1
"1938","SAU","TUR",9
"1939","SAU","ARE",137
"1940","SAU","GBR",12
"1941","SAU","USA",5
"1942","SEN","DZA",1
"1943","SEN","BEL",23
"1944","SEN","BRA",4
"1945","SEN","CPV",9
"1946","SEN","FRA",64
"1947","SEN","GMB",26
"1948","SEN","DEU",1
"1949","SEN","GNB",9
"1950","SEN","ITA",22
"1951","SEN","KEN",8
"1952","SEN","LBN",1
"1953","SEN","MLI",60
"1954","SEN","MLT",1
"1955","SEN","MRT",4
"1956","SEN","MAR",35
"1957","SEN","PRT",14
"1958","SEN","PRI",1
"1959","SEN","RUS",1
"1960","SEN","ESP",27
"1961","SEN","CHE",3
"1962","SEN","TUR",35
"1963","SEN","ARE",10
"1964","SEN","GBR",12
"1965","SEN","USA",21
"1966","SRB","AUT",88
"1967","SRB","BLR",18
"1968","SRB","BEL",7
"1969","SRB","BIH",9
"1970","SRB","HRV",27
"1971","SRB","CYP",5
"1972","SRB","CZE",5
"1973","SRB","DNK",9
"1974","SRB","FRA",39
"1975","SRB","DEU",111
"1976","SRB","GRC",11
"1977","SRB","HUN",5
"1978","SRB","IND",1
"1979","SRB","IRL",2
"1980","SRB","ISR",7
"1981","SRB","ITA",29
"1982","SRB","LVA",4
"1983","SRB","LUX",3
"1984","SRB","MLI",1
"1985","SRB","MLT",3
"1986","SRB","NLD",13
"1987","SRB","NOR",8
"1988","SRB","POL",3
"1989","SRB","QAT",13
"1990","SRB","ROU",7
"1991","SRB","RUS",53
"1992","SRB","SVN",14
"1993","SRB","ESP",1
"1994","SRB","SWE",30
"1995","SRB","CHE",69
"1996","SRB","TUR",54
"1997","SRB","UKR",12
"1998","SRB","ARE",31
"1999","SRB","GBR",19
"2000","SRB","USA",10
"2001","SGP","AUS",355
"2002","SGP","BHR",2
"2003","SGP","BGD",21
"2004","SGP","BRN",43
"2005","SGP","CAN",2
"2006","SGP","CHN",108
"2007","SGP","DNK",12
"2008","SGP","FIN",8
"2009","SGP","FRA",42
"2010","SGP","DEU",54
"2011","SGP","HKG",321
"2012","SGP","IND",255
"2013","SGP","IDN",9
"2014","SGP","IRL",1
"2015","SGP","ITA",14
"2016","SGP","JPN",161
"2017","SGP","LUX",5
"2018","SGP","MAC",6
"2019","SGP","MYS",227
"2020","SGP","NLD",58
"2021","SGP","NZL",26
"2022","SGP","PHL",80
"2023","SGP","QAT",62
"2024","SGP","RUS",13
"2025","SGP","ZAF",17
"2026","SGP","KOR",110
"2027","SGP","LKA",1
"2028","SGP","CHE",37
"2029","SGP","TWN",181
"2030","SGP","THA",112
"2031","SGP","TUR",17
"2032","SGP","ARE",84
"2033","SGP","GBR",77
"2034","SGP","USA",103
"2035","SGP","VNM",68
"2036","SVK","AUT",11
"2037","SVK","HRV",1
"2038","SVK","CYP",1
"2039","SVK","CZE",22
"2040","SVK","DNK",1
"2041","SVK","FRA",2
"2042","SVK","DEU",50
"2043","SVK","HUN",2
"2044","SVK","ISR",3
"2045","SVK","ITA",7
"2046","SVK","MLI",1
"2047","SVK","POL",2
"2048","SVK","ROU",1
"2049","SVK","RUS",4
"2050","SVK","SVN",1
"2051","SVK","ESP",4
"2052","SVK","SWE",7
"2053","SVK","CHE",11
"2054","SVK","TUR",1
"2055","SVK","UKR",2
"2056","SVK","ARE",3
"2057","SVK","GBR",25
"2058","SVK","USA",1
"2059","SVN","AUT",57
"2060","SVN","BEL",4
"2061","SVN","HRV",13
"2062","SVN","CYP",1
"2063","SVN","CZE",5
"2064","SVN","FRA",9
"2065","SVN","DEU",42
"2066","SVN","HUN",6
"2067","SVN","ITA",28
"2068","SVN","LVA",2
"2069","SVN","MLT",1
"2070","SVN","PRT",1
"2071","SVN","RUS",8
"2072","SVN","SRB",8
"2073","SVN","SVK",1
"2074","SVN","ESP",3
"2075","SVN","SWE",1
"2076","SVN","CHE",13
"2077","SVN","TUR",7
"2078","SVN","UKR",3
"2079","SVN","GBR",5
"2080","SVN","USA",1
"2081","ZAF","ARG",1
"2082","ZAF","AUS",1
"2083","ZAF","AUT",2
"2084","ZAF","BEL",9
"2085","ZAF","BMU",1
"2086","ZAF","CHN",2
"2087","ZAF","FRA",33
"2088","ZAF","DEU",25
"2089","ZAF","IND",6
"2090","ZAF","ISR",2
"2091","ZAF","ITA",6
"2092","ZAF","KEN",82
"2093","ZAF","LUX",1
"2094","ZAF","MYS",1
"2095","ZAF","MAR",1
"2096","ZAF","NLD",54
"2097","ZAF","QAT",85
"2098","ZAF","RUS",4
"2099","ZAF","SGP",19
"2100","ZAF","ESP",1
"2101","ZAF","SWE",1
"2102","ZAF","CHE",17
"2103","ZAF","TUR",23
"2104","ZAF","UKR",1
"2105","ZAF","ARE",35
"2106","ZAF","GBR",46
"2107","ZAF","USA",2
"2108","KOR","AUS",6
"2109","KOR","AUT",12
"2110","KOR","BGD",2
"2111","KOR","BRA",2
"2112","KOR","BRN",1
"2113","KOR","CAN",52
"2114","KOR","CHN",90
"2115","KOR","CZE",1
"2116","KOR","FIN",13
"2117","KOR","FRA",41
"2118","KOR","DEU",116
"2119","KOR","HKG",371
"2120","KOR","HUN",2
"2121","KOR","IND",22
"2122","KOR","IDN",1
"2123","KOR","ITA",3
"2124","KOR","JPN",222
"2125","KOR","KAZ",11
"2126","KOR","LUX",5
"2127","KOR","MAC",2
"2128","KOR","MYS",72
"2129","KOR","NLD",66
"2130","KOR","NZL",2
"2131","KOR","PHL",62
"2132","KOR","POL",7
"2133","KOR","QAT",26
"2134","KOR","RUS",42
"2135","KOR","SGP",87
"2136","KOR","SVK",1
"2137","KOR","TWN",169
"2138","KOR","THA",23
"2139","KOR","TUR",8
"2140","KOR","UKR",1
"2141","KOR","ARE",11
"2142","KOR","GBR",35
"2143","KOR","USA",572
"2144","KOR","VNM",78
"2145","ESP","DZA",19
"2146","ESP","ARG",9
"2147","ESP","AUT",77
"2148","ESP","BHR",4
"2149","ESP","BGD",4
"2150","ESP","BLR",11
"2151","ESP","BEL",152
"2152","ESP","BRA",50
"2153","ESP","CAN",18
"2154","ESP","CPV",1
"2155","ESP","COL",36
"2156","ESP","HRV",1
"2157","ESP","CYP",2
"2158","ESP","CZE",39
"2159","ESP","DNK",51
"2160","ESP","ECU",4
"2161","ESP","EST",2
"2162","ESP","FIN",12
"2163","ESP","FRA",762
"2164","ESP","GMB",4
"2165","ESP","DEU",1281
"2166","ESP","GRC",15
"2167","ESP","GTM",14
"2168","ESP","GNB",1
"2169","ESP","HUN",7
"2170","ESP","IND",2
"2171","ESP","IRL",52
"2172","ESP","ISR",24
"2173","ESP","ITA",565
"2174","ESP","JEY",1
"2175","ESP","KAZ",4
"2176","ESP","KEN",3
"2177","ESP","LVA",4
"2178","ESP","LBN",2
"2179","ESP","LTU",1
"2180","ESP","LUX",38
"2181","ESP","MLI",3
"2182","ESP","MLT",17
"2183","ESP","MEX",1
"2184","ESP","MAR",171
"2185","ESP","NLD",302
"2186","ESP","NOR",16
"2187","ESP","PAN",9
"2188","ESP","POL",40
"2189","ESP","PRT",309
"2190","ESP","QAT",113
"2191","ESP","ROU",48
"2192","ESP","RUS",115
"2193","ESP","VCT",1
"2194","ESP","SAU",5
"2195","ESP","SEN",33
"2196","ESP","SRB",4
"2197","ESP","SVK",4
"2198","ESP","SVN",4
"2199","ESP","ZAF",2
"2200","ESP","KOR",12
"2201","ESP","SWE",102
"2202","ESP","CHE",351
"2203","ESP","TUR",87
"2204","ESP","UKR",2
"2205","ESP","ARE",92
"2206","ESP","GBR",316
"2207","ESP","USA",161
"2208","LKA","BGD",1
"2209","LKA","DEU",1
"2210","LKA","IND",2
"2211","LKA","QAT",2
"2212","LKA","SGP",1
"2213","LKA","ARE",3
"2214","SWE","AUT",27
"2215","SWE","BLR",16
"2216","SWE","BEL",73
"2217","SWE","CZE",16
"2218","SWE","DNK",177
"2219","SWE","EST",34
"2220","SWE","FIN",156
"2221","SWE","FRA",94
"2222","SWE","DEU",300
"2223","SWE","GRC",7
"2224","SWE","HUN",7
"2225","SWE","IRL",9
"2226","SWE","IMN",1
"2227","SWE","ITA",10
"2228","SWE","LVA",21
"2229","SWE","LTU",8
"2230","SWE","LUX",8
"2231","SWE","MLT",3
"2232","SWE","NLD",122
"2233","SWE","NIC",1
"2234","SWE","NOR",98
"2235","SWE","POL",99
"2236","SWE","PRT",6
"2237","SWE","QAT",54
"2238","SWE","ROU",8
"2239","SWE","RUS",34
"2240","SWE","SRB",19
"2241","SWE","SVK",1
"2242","SWE","SVN",1
"2243","SWE","KOR",7
"2244","SWE","ESP",103
"2245","SWE","CHE",32
"2246","SWE","TUR",76
"2247","SWE","UKR",2
"2248","SWE","ARE",20
"2249","SWE","GBR",46
"2250","SWE","USA",4
"2251","CHE","AUT",144
"2252","CHE","BHR",5
"2253","CHE","BLR",3
"2254","CHE","BEL",57
"2255","CHE","BMU",1
"2256","CHE","BRA",19
"2257","CHE","BGR",1
"2258","CHE","CAN",37
"2259","CHE","HRV",18
"2260","CHE","CYP",9
"2261","CHE","CZE",21
"2262","CHE","DNK",35
"2263","CHE","EST",6
"2264","CHE","FIN",29
"2265","CHE","FRA",394
"2266","CHE","GMB",2
"2267","CHE","DEU",614
"2268","CHE","GRC",45
"2269","CHE","GGY",1
"2270","CHE","HKG",11
"2271","CHE","HUN",17
"2272","CHE","IND",15
"2273","CHE","IRL",7
"2274","CHE","ISR",18
"2275","CHE","ITA",227
"2276","CHE","JPN",17
"2277","CHE","JEY",3
"2278","CHE","KAZ",1
"2279","CHE","KEN",1
"2280","CHE","LVA",8
"2281","CHE","LBN",4
"2282","CHE","LTU",5
"2283","CHE","LUX",30
"2284","CHE","MLT",9
"2285","CHE","NLD",170
"2286","CHE","NOR",9
"2287","CHE","POL",91
"2288","CHE","PRT",127
"2289","CHE","QAT",31
"2290","CHE","ROU",17
"2291","CHE","RUS",123
"2292","CHE","VCT",1
"2293","CHE","SEN",2
"2294","CHE","SRB",24
"2295","CHE","SGP",39
"2296","CHE","SVK",6
"2297","CHE","SVN",13
"2298","CHE","ZAF",14
"2299","CHE","KOR",7
"2300","CHE","ESP",344
"2301","CHE","SWE",33
"2302","CHE","THA",2
"2303","CHE","TUN",1
"2304","CHE","TUR",118
"2305","CHE","UKR",42
"2306","CHE","ARE",88
"2307","CHE","GBR",273
"2308","CHE","USA",97
"2309","TWN","AUS",78
"2310","TWN","AUT",16
"2311","TWN","CAN",42
"2312","TWN","CHN",67
"2313","TWN","FRA",20
"2314","TWN","DEU",36
"2315","TWN","HKG",611
"2316","TWN","IND",25
"2317","TWN","IDN",4
"2318","TWN","JPN",441
"2319","TWN","LUX",6
"2320","TWN","MAC",84
"2321","TWN","MYS",183
"2322","TWN","NLD",55
"2323","TWN","NZL",20
"2324","TWN","PHL",77
"2325","TWN","SGP",198
"2326","TWN","KOR",191
"2327","TWN","THA",48
"2328","TWN","TUR",19
"2329","TWN","ARE",26
"2330","TWN","GBR",22
"2331","TWN","USA",647
"2332","TWN","VNM",85
"2333","THA","AUS",2
"2334","THA","BHR",2
"2335","THA","BGD",1
"2336","THA","CHN",4
"2337","THA","CYP",1
"2338","THA","FRA",4
"2339","THA","DEU",8
"2340","THA","HKG",57
"2341","THA","IND",30
"2342","THA","ITA",1
"2343","THA","JPN",48
"2344","THA","MYS",19
"2345","THA","NLD",1
"2346","THA","PHL",2
"2347","THA","QAT",20
"2348","THA","RUS",3
"2349","THA","SGP",24
"2350","THA","KOR",28
"2351","THA","CHE",2
"2352","THA","TWN",45
"2353","THA","ARE",24
"2354","THA","GBR",5
"2355","THA","USA",1
"2356","THA","VNM",17
"2357","TUN","FRA",6
"2358","TUN","ITA",1
"2359","TUN","MLT",1
"2360","TUN","MAR",1
"2361","TUN","ESP",1
"2362","TUN","TUR",1
"2363","TUR","DZA",8
"2364","TUR","AUS",2
"2365","TUR","AUT",98
"2366","TUR","BHR",8
"2367","TUR","BGD",10
"2368","TUR","BLR",69
"2369","TUR","BEL",128
"2370","TUR","BIH",1
"2371","TUR","BRA",23
"2372","TUR","BGR",8
"2373","TUR","CAN",29
"2374","TUR","CHN",3
"2375","TUR","COL",8
"2376","TUR","HRV",20
"2377","TUR","CYP",111
"2378","TUR","CZE",32
"2379","TUR","DNK",33
"2380","TUR","EGY",1
"2381","TUR","EST",1
"2382","TUR","FIN",28
"2383","TUR","FRA",155
"2384","TUR","DEU",873
"2385","TUR","GRC",28
"2386","TUR","HKG",27
"2387","TUR","HUN",28
"2388","TUR","IND",67
"2389","TUR","IRQ",2
"2390","TUR","IRL",45
"2391","TUR","ISR",159
"2392","TUR","ITA",159
"2393","TUR","JPN",9
"2394","TUR","JOR",88
"2395","TUR","KAZ",83
"2396","TUR","KEN",33
"2397","TUR","KWT",15
"2398","TUR","LVA",2
"2399","TUR","LBN",160
"2400","TUR","LBY",2
"2401","TUR","LTU",24
"2402","TUR","LUX",8
"2403","TUR","MYS",30
"2404","TUR","MLI",14
"2405","TUR","MLT",24
"2406","TUR","MRT",2
"2407","TUR","MAR",26
"2408","TUR","NLD",147
"2409","TUR","NOR",28
"2410","TUR","PAK",22
"2411","TUR","PHL",17
"2412","TUR","POL",36
"2413","TUR","PRT",20
"2414","TUR","QAT",196
"2415","TUR","ROU",86
"2416","TUR","RUS",547
"2417","TUR","SAU",11
"2418","TUR","SEN",32
"2419","TUR","SRB",63
"2420","TUR","SGP",26
"2421","TUR","SVN",12
"2422","TUR","ZAF",38
"2423","TUR","KOR",15
"2424","TUR","ESP",125
"2425","TUR","LKA",1
"2426","TUR","SWE",93
"2427","TUR","CHE",123
"2428","TUR","TWN",22
"2429","TUR","THA",1
"2430","TUR","TUN",5
"2431","TUR","UKR",209
"2432","TUR","ARE",241
"2433","TUR","GBR",216
"2434","TUR","USA",160
"2435","TUR","UZB",6
"2436","TUR","VNM",2
"2437","UKR","DZA",1
"2438","UKR","AUT",39
"2439","UKR","BHR",1
"2440","UKR","BLR",116
"2441","UKR","BEL",3
"2442","UKR","BGR",2
"2443","UKR","HRV",6
"2444","UKR","CYP",15
"2445","UKR","CZE",49
"2446","UKR","DNK",14
"2447","UKR","EST",13
"2448","UKR","FIN",2
"2449","UKR","FRA",34
"2450","UKR","DEU",153
"2451","UKR","GRC",1
"2452","UKR","HKG",2
"2453","UKR","HUN",14
"2454","UKR","ISR",57
"2455","UKR","ITA",35
"2456","UKR","KAZ",12
"2457","UKR","LVA",19
"2458","UKR","LTU",31
"2459","UKR","NLD",79
"2460","UKR","NOR",4
"2461","UKR","POL",103
"2462","UKR","QAT",24
"2463","UKR","ROU",10
"2464","UKR","SAU",1
"2465","UKR","SRB",13
"2466","UKR","SVK",1
"2467","UKR","SVN",3
"2468","UKR","ESP",3
"2469","UKR","SWE",2
"2470","UKR","CHE",38
"2471","UKR","TUR",160
"2472","UKR","ARE",149
"2473","UKR","GBR",60
"2474","UKR","USA",12
"2475","ARE","AUS",112
"2476","ARE","AUT",33
"2477","ARE","BHR",341
"2478","ARE","BGD",213
"2479","ARE","BLR",28
"2480","ARE","BEL",49
"2481","ARE","BRA",51
"2482","ARE","BRN",1
"2483","ARE","BGR",5
"2484","ARE","CAN",23
"2485","ARE","CHN",62
"2486","ARE","HRV",2
"2487","ARE","CYP",48
"2488","ARE","CZE",44
"2489","ARE","DNK",67
"2490","ARE","EGY",2
"2491","ARE","EST",1
"2492","ARE","FIN",7
"2493","ARE","FRA",145
"2494","ARE","DEU",299
"2495","ARE","GRC",19
"2496","ARE","GGY",1
"2497","ARE","HKG",152
"2498","ARE","HUN",23
"2499","ARE","IND",1352
"2500","ARE","IRQ",5
"2501","ARE","IRL",24
"2502","ARE","ISR",46
"2503","ARE","ITA",131
"2504","ARE","JPN",66
"2505","ARE","KAZ",77
"2506","ARE","KEN",132
"2507","ARE","KWT",37
"2508","ARE","LVA",2
"2509","ARE","LBN",145
"2510","ARE","LTU",1
"2511","ARE","LUX",15
"2512","ARE","MYS",77
"2513","ARE","MLI",2
"2514","ARE","MLT",6
"2515","ARE","MAR",33
"2516","ARE","NLD",158
"2517","ARE","NZL",6
"2518","ARE","NOR",12
"2519","ARE","PAK",203
"2520","ARE","PHL",65
"2521","ARE","POL",33
"2522","ARE","PRT",18
"2523","ARE","QAT",127
"2524","ARE","ROU",48
"2525","ARE","RUS",293
"2526","ARE","SAU",173
"2527","ARE","SEN",14
"2528","ARE","SRB",36
"2529","ARE","SGP",129
"2530","ARE","SVK",3
"2531","ARE","ZAF",28
"2532","ARE","KOR",41
"2533","ARE","ESP",84
"2534","ARE","LKA",9
"2535","ARE","SWE",20
"2536","ARE","CHE",92
"2537","ARE","TWN",44
"2538","ARE","THA",13
"2539","ARE","TUR",215
"2540","ARE","UKR",153
"2541","ARE","GBR",152
"2542","ARE","USA",231
"2543","ARE","UZB",4
"2544","ARE","VNM",26
"2545","GBR","AUT",58
"2546","GBR","BHR",62
"2547","GBR","BGD",1
"2548","GBR","BRB",17
"2549","GBR","BLR",14
"2550","GBR","BEL",229
"2551","GBR","BMU",9
"2552","GBR","BGR",5
"2553","GBR","CAN",135
"2554","GBR","CPV",1
"2555","GBR","CHN",16
"2556","GBR","HRV",11
"2557","GBR","CYP",36
"2558","GBR","CZE",34
"2559","GBR","DNK",74
"2560","GBR","EST",12
"2561","GBR","FIN",70
"2562","GBR","FRA",533
"2563","GBR","DEU",1103
"2564","GBR","GIB",1
"2565","GBR","GRC",35
"2566","GBR","GGY",77
"2567","GBR","HKG",74
"2568","GBR","HUN",51
"2569","GBR","IND",170
"2570","GBR","IRL",405
"2571","GBR","IMN",44
"2572","GBR","ISR",76
"2573","GBR","ITA",326
"2574","GBR","JPN",86
"2575","GBR","JEY",148
"2576","GBR","KAZ",3
"2577","GBR","KEN",41
"2578","GBR","KWT",1
"2579","GBR","LVA",62
"2580","GBR","LBN",18
"2581","GBR","LTU",79
"2582","GBR","LUX",47
"2583","GBR","MYS",37
"2584","GBR","MLI",1
"2585","GBR","MLT",24
"2586","GBR","MEX",1
"2587","GBR","MAR",3
"2588","GBR","NLD",250
"2589","GBR","NOR",76
"2590","GBR","PAK",48
"2591","GBR","POL",184
"2592","GBR","PRT",19
"2593","GBR","QAT",222
"2594","GBR","ROU",98
"2595","GBR","RUS",78
"2596","GBR","LCA",1
"2597","GBR","VCT",2
"2598","GBR","SAU",14
"2599","GBR","SEN",12
"2600","GBR","SRB",14
"2601","GBR","SGP",76
"2602","GBR","SVK",17
"2603","GBR","SVN",6
"2604","GBR","ZAF",44
"2605","GBR","KOR",35
"2606","GBR","ESP",297
"2607","GBR","SWE",53
"2608","GBR","CHE",277
"2609","GBR","TWN",6
"2610","GBR","THA",4
"2611","GBR","TUR",153
"2612","GBR","UKR",62
"2613","GBR","ARE",167
"2614","GBR","USA",1248
"2615","USA","ARG",10
"2616","USA","AUS",340
"2617","USA","AUT",24
"2618","USA","BHS",232
"2619","USA","BHR",3
"2620","USA","BRB",106
"2621","USA","BEL",282
"2622","USA","BLZ",26
"2623","USA","BMU",164
"2624","USA","BRA",387
"2625","USA","BGR",1
"2626","USA","CAN",1945
"2627","USA","CPV",1
"2628","USA","CHN",101
"2629","USA","COL",513
"2630","USA","CZE",2
"2631","USA","DNK",85
"2632","USA","ECU",33
"2633","USA","FIN",29
"2634","USA","FRA",466
"2635","USA","PYF",3
"2636","USA","DEU",1073
"2637","USA","GTM",470
"2638","USA","HKG",228
"2639","USA","HUN",5
"2640","USA","IND",219
"2641","USA","IRL",144
"2642","USA","ISR",116
"2643","USA","ITA",215
"2644","USA","JPN",1008
"2645","USA","JEY",2
"2646","USA","JOR",7
"2647","USA","KEN",30
"2648","USA","LVA",2
"2649","USA","LBN",1
"2650","USA","LUX",203
"2651","USA","MDG",1
"2652","USA","MLT",1
"2653","USA","MEX",895
"2654","USA","MAR",23
"2655","USA","NLD",647
"2656","USA","NZL",81
"2657","USA","NIC",80
"2658","USA","NOR",3
"2659","USA","PAN",552
"2660","USA","PER",12
"2661","USA","PHL",29
"2662","USA","POL",47
"2663","USA","PRT",71
"2664","USA","PRI",2753
"2665","USA","QAT",298
"2666","USA","RUS",59
"2667","USA","LCA",22
"2668","USA","VCT",31
"2669","USA","SAU",1
"2670","USA","SEN",21
"2671","USA","SRB",4
"2672","USA","SGP",102
"2673","USA","SVK",1
"2674","USA","SVN",1
"2675","USA","ZAF",3
"2676","USA","KOR",1269
"2677","USA","ESP",145
"2678","USA","SWE",6
"2679","USA","CHE",93
"2680","USA","TWN",679
"2681","USA","TUR",161
"2682","USA","UKR",14
"2683","USA","ARE",282
"2684","USA","GBR",1291
"2685","USA","UZB",1
"2686","USA","ZMB",64
"2687","UZB","BGD",1
"2688","UZB","BLR",4
"2689","UZB","DEU",4
"2690","UZB","IND",2
"2691","UZB","KAZ",7
"2692","UZB","RUS",39
"2693","UZB","KOR",3
"2694","UZB","TUR",6
"2695","UZB","UKR",2
"2696","UZB","ARE",7
"2697","UZB","GBR",2
"2698","VNM","AUS",8
"2699","VNM","CAN",1
"2700","VNM","CHN",21
"2701","VNM","HKG",67
"2702","VNM","IND",20
"2703","VNM","JPN",65
"2704","VNM","MYS",43
"2705","VNM","NLD",1
"2706","VNM","PHL",5
"2707","VNM","QAT",27
"2708","VNM","RUS",7
"2709","VNM","SGP",85
"2710","VNM","KOR",75
"2711","VNM","TWN",82
"2712","VNM","THA",50
"2713","VNM","TUR",7
"2714","VNM","ARE",23
"2715",NA,"PRI",1
"2716","ZMB","USA",65
